prior,prior_key,method,z0,lower_sum,upper_sum,cover_cnt,n_valid,n_failed,theta_true,rep_start,rep_end,block,block_size,nreps_total
Spiky,spiky,DKW-F,1.0,-4.790329356811955,16.939600030728272,20,20,0,0.285620268437118,1,20,1,20,40
Spiky,spiky,Gauss-F,1.0,-1.3608075429268052,15.027953540217945,20,20,0,0.285620268437118,1,20,1,20,40
Spiky,spiky,W₁ (DKW),1.0,-17.088359741253072,35.82916634728664,20,20,0,0.285620268437118,1,20,1,20,40
Spiky,spiky,W₁ (boot),1.0,-2.024897887829881,15.475844660567546,20,20,0,0.285620268437118,1,20,1,20,40
Spiky,spiky,W₁ (CLT),1.0,-2.140982190836848,15.632303088256336,20,20,0,0.285620268437118,1,20,1,20,40
Spiky,spiky,Smooth-W₁ (CLT),1.0,-2.1494462087187016,15.665577458298566,20,20,0,0.285620268437118,1,20,1,20,40
