prior,prior_key,method,z0,lower_sum,upper_sum,cover_cnt,n_valid,n_failed,theta_true,rep_start,rep_end,block,block_size,nreps_total
Spiky,spiky,DKW-F,0.5,-6.294146632922368,12.285721715694402,20,20,0,0.1299149880633931,21,40,2,20,40
Spiky,spiky,Gauss-F,0.5,-2.8673415911756233,10.120852857087167,20,20,0,0.1299149880633931,21,40,2,20,40
Spiky,spiky,W₁ (DKW),0.5,-19.428281304365687,28.3839409839512,20,20,0,0.1299149880633931,21,40,2,20,40
Spiky,spiky,W₁ (boot),0.5,-4.086478892136259,10.522290459514078,20,20,0,0.1299149880633931,21,40,2,20,40
Spiky,spiky,W₁ (CLT),0.5,-4.274853835590931,10.718488530459812,20,20,0,0.1299149880633931,21,40,2,20,40
Spiky,spiky,Smooth-W₁ (CLT),0.5,-4.387768471751592,10.84374400273522,20,20,0,0.1299149880633931,21,40,2,20,40
