prior,prior_key,method,z0,lower_sum,upper_sum,cover_cnt,n_valid,n_failed,theta_true,rep_start,rep_end,block,block_size,nreps_total
Spiky,spiky,DKW-F,0.5,-6.2162696963810085,12.152611877050113,20,20,0,0.1299149880633931,1,20,1,20,40
Spiky,spiky,Gauss-F,0.5,-2.7055943994691978,9.796327309032737,20,20,0,0.1299149880633931,1,20,1,20,40
Spiky,spiky,W₁ (DKW),0.5,-19.334621445897234,28.37362213552515,20,20,0,0.1299149880633931,1,20,1,20,40
Spiky,spiky,W₁ (boot),0.5,-4.04887534773498,10.613854749255731,20,20,0,0.1299149880633931,1,20,1,20,40
Spiky,spiky,W₁ (CLT),0.5,-4.15231855828645,10.764474889684173,20,20,0,0.1299149880633931,1,20,1,20,40
Spiky,spiky,Smooth-W₁ (CLT),0.5,-4.163560178484321,10.767514890598337,20,20,0,0.1299149880633931,1,20,1,20,40
